institution;categorie;domaine
Impôts (DGFiP);Fiscalité;impots.gouv.fr
Assurance Maladie (ameli);Santé;ameli.fr
Assurance Maladie (domaine institutionnel);Santé;assurance-maladie.fr
Caisse d'allocations familiales (CAF);Prestations sociales;caf.fr
ANTAI (amendes);Transport & amendes;antai.gouv.fr
France Travail;Emploi;francetravail.fr
Pôle emploi (ancien domaine);Emploi;pole-emploi.fr
La Poste;Courrier & colis;laposte.fr
Service-Public.fr;Démarches;service-public.fr
Service-Public (gouv.fr);Démarches;service-public.gouv.fr
ANTS (titres, permis, carte grise);Démarches;ants.gouv.fr
FranceConnect;Démarches;franceconnect.gouv.fr
L'Assurance retraite;Retraite;lassuranceretraite.fr
Info-retraite;Retraite;info-retraite.fr
Agirc-Arrco;Retraite;agirc-arrco.fr
Urssaf;Prestations sociales;urssaf.fr
MSA;Prestations sociales;msa.fr
Mes droits sociaux;Prestations sociales;mesdroitssociaux.gouv.fr
Mon Compte Formation (CPF);Emploi;moncompteformation.gouv.fr
Douane;Fiscalité;douane.gouv.fr
Ministère de l'Intérieur;Sécurité;interieur.gouv.fr
Cybermalveillance.gouv.fr;Sécurité;cybermalveillance.gouv.fr
Justice;Sécurité;justice.fr
Éducation nationale;Éducation;education.gouv.fr
Chèque énergie;Énergie & logement;chequeenergie.gouv.fr
France Rénov';Énergie & logement;france-renov.gouv.fr
Anah;Énergie & logement;anah.gouv.fr
Crit'Air;Transport & amendes;certificat-air.gouv.fr
Mon espace santé;Santé;monespacesante.fr
Ministère de l'Économie;Fiscalité;economie.gouv.fr
